аборигенний	-0.25	a
аборт	-1.0	i
абстрактний	-0.11	i
абсурд	-1.0	i
абсурдний	-1.0	i
абсурдно	-1.0	i
авантюра	-0.33	f
авантюрний	-0.33	f
аварійний	-1.0	s
аварія	-1.25	s
авіаносець	-0.33	i
австралієць	-0.33	i
автомат	-0.67	f
автоматичний	-0.22	i
ага	-0.33	i
агітка	-0.83	i
агонія	-1.33	s
агресивний	-1.0	a
агресія	-1.33	a
активізувати	-0.33	i
алергічний	-0.25	s
алжирський	-0.14	i
алкаш	-1.67	i
алкоголізм	-1.33	s
алогічний	-0.75	i
американо	-0.11	i
американський	-125.0	i
аморальний	-1.0	f
аморфний	-0.67	i
аналогічний	-0.11	i
анітрохи	-0.33	i
аномальний	-0.67	i
анонімний	-0.33	i
анти	-0.67	i
антиамериканський	-1.33	i
антибіотик	-0.33	i
антивоєнний	-0.33	i
антиглобаліст	-0.33	i
антигромадський	-1.33	a
антигуманний	-1.33	a
антидержавний	-0.67	a
антиконституційний	-0.89	a
антинародний	-0.75	a
антинауковий	-1.33	a
антирадянський	-0.67	a
антирадянщина	-0.5	a
антисанітарний	-1.17	a
антисеміт	-0.67	a
антисемітський	-1.33	a
антисоціальний	-1.33	a
антиурядовий	-0.33	a
антиутопія	-1.0	a
антихристиянський	-1.0	a
апарат	-0.25	i
апатичний	-1.67	f
апеляція	-0.33	a
апокаліптичний	-1.0	s
апологетичний	-0.33	i
аргентинець	-0.11	i
аргентинський	-0.22	i
арешт	-0.6	s
армія	-0.17	i
артилерист	-0.67	a
асортиментний	-0.25	i
асоціальний	-1.2	s
атака	-0.33	f
атакувати	-0.6	a
афганський	-0.67	f
афера	-0.25	s
ахінея	-1.33	i
багатоликий	-0.14	i
багатомільйонний	-0.6	i
багатостраждальний	-0.33	s
байдуже	-1.33	i
байдужий	-0.67	i
байдужість	-1.33	i
бактерія	-0.44	i
балаканина	-1.0	i
балакучий	-0.67	i
балалайка	-1.0	i
банальний	-0.33	i
банальність	-1.0	i
банально	-0.67	i
банда	-1.17	a
бандит	-1.2	a
бандитський	-1.0	a
бандформування	-1.33	a
банкрут	-1.0	s
банкрутство	-1.25	s
безальтернативний	-0.89	s
безбожний	-1.0	a
безвихідний	-0.8	s
безвихідь	-0.75	s
безвідмовний	-0.33	i
безвідповідальний	-1.33	i
безвісний	-0.33	i
безвольний	-1.22	i
безглуздий	-1.0	i
безглуздість	-0.67	i
безглуздо	-1.0	i
безгрошовий	-1.0	i
бездарний	-1.0	i
бездарність	-1.67	i
бездіяльність	-1.0	i
бездіяти	-0.67	i
бездумний	-1.0	i
бездумно	-1.0	i
безжалісний	-1.44	a
безжально	-1.67	a
безжиттєвий	-0.5	s
беззаконний	-1.11	i
беззаконня	-1.0	i
беззахисний	-0.8	i
беззмістовний	-0.67	i
беззубий	-1.0	i
безідейний	-1.17	s
безініціативний	-1.0	s
безкарний	-1.67	a
безкарність	-0.89	a
безкомпромісний	-0.67	i
безконтрольний	-1.25	a
безкровний	-0.17	a
безлад	-1.33	i
безладний	-1.33	i
безликий	-0.33	a
безлюдний	-0.4	f
безмежний	-0.25	i
безмірний	-0.33	i
безнадійний	-1.0	f
безнадія	-1.33	f
безодня	-0.89	i
безперервний	-1.0	i
безперспективний	-1.0	s
безпідставний	-1.0	i
безповоротний	-0.67	i
безпокійний	-0.89	f
безпорадний	-1.67	f
безправний	-1.0	i
безпринципний	-0.33	i
безпритульний	-0.67	i
безпросвітний	-2.0	i
безпутний	-1.25	i
безрадісний	-1.33	s
безрезультатний	-1.0	s
безробіття	-1.33	s
безрозсудний	-1.0	i
безсердечний	-1.33	a
безсмачний	-1.33	i
безсовісний	-1.33	a
безсоромний	-0.67	a
безтактовний	-1.0	a
безталанний	-1.0	s
безтолковий	-1.67	s
безтурботний	-0.44	s
безумство	-1.0	a
безуспішний	-1.0	s
безхребетний	-1.0	s
безцеремонний	-1.33	a
безцільний	-1.33	i
безчесний	-1.0	i
безчуттєвий	-1.33	a
бентежити	-0.67	i
бидло	-1.67	a
битва	-0.89	a
бити	-0.67	a
битися	-0.67	a
бігти	-0.5	i
біда	-0.67	s
бідненький	-0.33	s
бідний	-1.2	s
бідність	-1.0	s
бідно	-1.0	s
біженець	-0.67	s
бій	-0.33	a
бійка	-1.33	a
бійня	-1.89	a
білогвардієць	-0.33	f
благати	-0.44	i
блатний	-1.67	i
блищати	-0.33	i
бліднути	-0.83	i
блокада	-1.0	a
блокадний	-1.0	a
блокування	-0.33	a
блокувати	-0.44	a
блокуватися	-0.75	a
блювати	-1.0	i
блювотиння	-2.0	i
блядство	-2.0	i
бляклий	-0.67	s
бовтатися	-0.5	i
богобоязливий	-0.67	i
богомерзенний	-2.0	i
боєголовка	-0.4	a
боєприпас	-0.44	a
божевілля	-1.0	a
болісний	-1.67	f
болісно	-1.33	f
бомба	-1.33	a
бомбардувальник	-0.71	a
бомбардування	-11.25	a
бомбити	-1.33	a
бомбування	-0.67	a
борг	-0.67	f
борговий	-0.75	f
боротися	-0.33	a
боягуз	-1.67	s
боягузливий	-1.5	f
боягузтво	-1.0	f
боязкуватий	-1.33	f
боязнь	-1.0	f
бракувати	-0.78	s
братовбивчий	-1.33	a
брехати	-1.67	i
брехливий	-2.0	i
брехня	-1.2	i
бродяга	-1.0	s
бруд	-1.44	s
брудний	-2.0	s
бруднити	-1.33	i
буйний	-0.6	a
бульдозер	-0.17	i
бунтівник	-1.0	a
бунтувати	-1.33	a
бур'ян	-0.33	i
буржуазія	-0.75	i
буржуазний	-0.33	i
буржуй	-1.25	i
буркотливий	-1.33	i
бухати	-1.67	i
бюрократ	-1.0	i
бюрократичний	-0.33	i
бюрократія	-0.67	i
в'язень	-0.67	f
в'язниця	-0.8	f
в'ялий	-1.25	s
вага	-0.33	i
важкий	-0.67	i
важковиліковний	-1.67	f
важкодоступний	-0.4	f
важкувато	-1.0	f
валитися	-0.6	i
валютний	-0.33	i
варварський	-1.0	i
ваххабіт	-0.67	i
вбивати	-1.67	a
вбивство	-1.33	a
вбивця	-1.6	a
вбивчий	-1.44	a
вважати	-1.0	i
вводитися	-0.33	i
вдаватися	-0.33	i
великорос	-1.0	a
великосвітський	-0.56	i
величезний	-0.33	i
венеричний	-1.0	s
вербувати	-0.4	a
верескливий	-1.0	f
верещати	-1.0	f
вертикаль	-0.17	i
верхівка	-0.33	i
ветхий	-0.75	i
вибух	-0.8	f
вибухати	-1.0	f
вибухівка	-0.33	f
вибухонебезпечний	-0.4	f
виверт	-1.22	i
вигадливий	-1.2	i
вигадувати	-0.67	i
вигнанець	-1.0	f
вигнання	-1.67	f
видалення	-0.33	i
видаляти	-0.67	i
видання	-0.33	i
видворяти	-1.0	i
викидати	-0.67	i
викидати	-0.33	i
виключати	-0.22	i
викрадати	-1.33	a
викрадач	-1.33	a
викрадення	-1.33	a
викривальний	-0.25	i
викривати	-0.33	i
викривач	-1.0	i
викрикувати	-0.33	i
викуп	-0.33	i
викурювати	-1.33	i
вилазити	-0.33	i
вилучення	-0.67	i
виляти	-0.6	i
вимагати	-0.8	i
вимирання	-1.0	f
вимирати	-1.67	f
винищувати	-1.33	a
винний	-1.0	s
винність	-0.67	i
винуватий	-1.33	i
випадати	-0.33	i
випивати	-0.33	i
виправдання	-1.0	i
виправдовувати	-0.33	i
виправлення	-0.33	i
випробування	-0.33	i
виражати	-0.11	i
виражатися	-0.33	i
вирішуватися	-0.17	i
вироджуватися	-0.89	i
виродок	-1.33	a
вирок	-1.33	f
вирубатися	-0.4	i
висадка	-0.67	i
виселення	-1.33	a
вислизати	-0.25	i
вислів	-0.33	i
висміювати	-2.0	i
виснаження	-1.33	a
виснажливий	-1.33	a
висновок	-0.33	i
вистрілювати	-0.67	i
висувати	-0.33	i
витік	-0.67	i
витіснення	-0.33	i
витісняти	-0.67	i
витрата	-0.67	i
витратити	-1.0	i
витратний	-2.0	i
відбиватися	-0.33	i
відбування	-0.33	i
відбувати	-0.75	i
відвалюватися	-0.5	i
відволікатися	-0.33	i
відкидати	-0.67	a
відкладати	-0.33	i
відкушувати	-0.67	i
відмивання	-1.0	i
відмова	-0.5	s
відмовляти	-1.33	s
відмовлятися	-1.0	s
відморозок	-1.56	a
відновлювати	-0.11	i
відомий	-0.25	i
відпадати	-0.17	i
відписуватися	-0.25	i
відправка	-0.5	i
відправляти	-0.33	i
відпустка	-0.33	i
відраза	-1.17	i
відраховувати	-0.33	s
відреагувати	-0.33	i
відринутий	-1.33	i
відрізати	-0.67	a
відрікатися	-0.33	a
відрубувати	-0.67	a
відсидка	-2.0	i
відслідковувати	-0.33	i
відставати	-0.67	i
відстеження	-0.14	i
відсторонення	-0.67	i
відстороняти	-1.0	i
відстрілюватися	-0.2	i
відсувати	-0.25	i
відсутність	-0.22	i
відтісняти	-0.25	i
відторгнення	-0.75	i
відхилення	-0.67	i
відхиляти	-0.67	i
відхід	-0.25	i
відхожий	-1.33	i
відчай	-1.67	f
відштовхувати	-0.33	a
війна	-1.0	f
військкомат	-0.17	i
віроломний	-1.67	i
вірус	-0.33	f
вірусний	-0.78	f
віслюк	-0.33	i
владний	-0.33	i
влаштовувати	-0.4	i
вмирати	-0.67	s
внесення	-0.33	i
внутрішньоросійський	-0.22	i
вогневий	-1.0	i
вогненний	-0.33	i
вогнепальний	-0.25	a
вогонь	-0.33	f
войовничий	-0.33	a
ворог	-1.67	f
ворожий	-1.0	a
впарювати	-1.33	i
впертий	-1.0	i
вплив	-0.33	i
впливати	-0.2	i
вплинути	-0.4	i
впору	-0.17	i
впроваджувати	-0.33	i
вражати	-0.8	i
врізатися	-0.33	i
всепоглинаючий	-0.33	i
вступ	-0.4	i
вступний	-0.11	i
втеча	-0.78	i
втома	-1.0	i
втомлювати	-0.33	i
втомлюватися	-0.67	i
вторгатися	-0.83	a
вторгнення	-1.0	a
втрата	-1.0	s
втратити	-0.67	s
втричі	-1.0	i
втручання	-0.67	a
втручатися	-0.67	a
вуглеводень	-0.33	i
вузьколобий	-1.33	i
вульгарний	-0.33	a
галасливий	-0.67	i
гальмо	-0.75	i
гальмування	-0.33	i
гальмувати	-0.89	i
галюцинація	-0.2	i
ганебний	-1.6	f
ганьба	-1.67	f
ганятися	-0.4	i
гасити	-0.2	i
гаснути	-1.67	i
гвалтувати	-1.33	a
гвинтівка	-0.33	f
гвинтокрил	-0.2	i
героїн	-1.56	f
гидота	-1.0	i
гидувати	-1.33	i
гинути	-1.33	i
гівняний	-2.0	i
гігантський	-0.5	i
гільза	-0.67	f
гінеколог	-0.33	i
гіпертрофований	-1.0	i
гітлерівець	-1.33	a
гітлерівський	-0.67	f
гладкий	-0.33	i
гламурний	-0.67	i
гнаний	-1.33	i
гнида	-1.67	i
гнилий	-1.5	i
гнів	-1.33	a
гнівний	-1.33	a
гній	-0.4	s
гнітити	-1.67	a
гнітючий	-0.67	a
гнобити	-1.44	a
голодомор	-1.33	f
голослівний	-0.67	i
гомеричний	-1.0	i
гомофоб	-2.0	a
гоніння	-1.22	i
гонка	-0.2	i
гопник	-1.33	a
гордовитий	-1.33	a
горілий	-1.33	i
горіти	-0.67	i
госпіталізація	-0.33	s
госпіталізувати	-0.33	s
господар	-0.25	i
готувати	-0.33	i
готуватися	-0.22	i
грабіжник	-1.4	i
грабіжницький	-1.78	i
грабувати	-1.33	i
гравець	-0.11	i
гранатомет	-0.67	i
грибковий	-0.67	i
гріх	-1.33	i
гріховний	-1.33	s
грішний	-1.33	s
гробовий	-0.33	s
громіздкий	-1.33	i
гротескний	-0.33	i
грубезний	-0.33	a
грубуватий	-0.67	a
грунтовно	-0.33	i
групка	-1.0	i
губитися	-0.67	i
гудіти	-0.6	i
гулькин	-0.33	i
гуляти	-0.4	i
гуманітарій	-0.11	i
давненько	-0.33	i
даремний	-1.33	i
даремно	-1.0	i
дармовий	-0.33	i
двієчник	-1.33	s
двірник	-0.25	i
двоякий	-0.78	i
дев'яностий	-0.67	i
девіантний	-0.67	i
дегенерат	-1.67	s
дегенеративний	-1.22	s
деградація	-1.33	s
деградувати	-2.0	s
дезінформація	-1.33	i
декласований	-0.67	i
демарш	-0.5	i
демон	-1.0	f
демонічний	-1.11	f
демонстрант	-0.25	i
демонстрація	-0.33	i
депортація	-0.6	f
депресивний	-1.33	s
депресія	-1.33	s
державницький	-0.22	i
держсекретар	-0.22	i
деспотичний	-1.67	i
дестабілізація	-1.0	s
деструктивний	-1.0	s
десятина	-0.33	i
дефект	-1.33	s
дефіцит	-1.0	s
дефіцитний	-0.67	s
джинса	-1.33	i
диверсант	-0.67	a
диверсійний	-1.0	a
диверсія	-1.33	a
дивина	-0.67	i
дивний	-1.0	i
дивуватися	-0.25	i
дикий	-1.67	f
дикість	-1.33	f
дилема	-0.33	i
дилер	-0.33	a
дилетантський	-1.0	i
дисгармонійний	-1.33	i
дисертація	-0.33	i
дисидент	-0.33	s
дискомфортний	-1.0	i
дискредитація	-1.0	a
дискредитувати	-0.67	a
дискримінаційний	-1.0	a
дискримінація	-0.89	a
диявол	-1.44	f
диявольський	-1.5	f
діаспора	-0.33	i
діватися	-0.2	i
дівка	-1.0	a
дідівщина	-1.0	a
дієздатний	-0.33	i
дірка	-1.0	i
дірявий	-1.22	i
діставатися	-0.5	i
дітдомовець	-0.33	s
діяльність	-0.33	i
діяти	-0.17	i
діяч	-0.67	i
добірний	-1.0	i
добренький	-0.2	i
довгий	-0.25	i
довгий	-0.29	i
довічний	-1.67	s
докочуватися	-0.71	s
документальний	-0.25	i
докучливий	-1.11	i
домагання	-1.67	a
домінувати	-0.2	a
допит	-0.33	a
допитувати	-1.0	a
доплачувати	-0.33	i
дорікати	-0.67	a
дорогий	-0.25	i
дорожнеча	-1.0	i
досить-таки	-0.22	i
дотація	-0.11	i
дохнути	-1.67	f
драконівський	-0.5	i
драматичний	-1.0	s
дратівливий	-1.11	a
дратувати	-0.67	a
дріб'язковий	-1.0	i
дрібниця	-0.11	i
другорядний	-0.25	i
другосортний	-1.33	i
думка	-0.11	i
дупа	-1.67	i
дурацький	-1.33	a
дурість	-1.67	i
дурість	-1.0	i
дурний	-1.56	a
дурник	-1.2	a
дурниця	-0.83	i
дурнуватий	-1.0	a
душити	-1.33	a
евакуація	-0.33	f
евакуювати	-0.33	f
евтаназія	-0.33	s
его	-0.33	i
егоїстичний	-1.33	i
егоцентричний	-0.83	i
екзаменаційний	-0.11	i
еколог	-0.33	i
економити	-0.56	s
економія	-0.33	i
екранний	-0.11	i
експансія	-0.67	a
експеримент	-0.2	i
експлуатувати	-1.0	a
експресивний	-1.0	i
експропріація	-1.25	a
екстенсивний	-0.4	i
екстравагантний	-1.0	i
екстремізм	-1.22	f
екстремістський	-0.67	f
ембарго	-0.67	i
енцефаліт	-0.33	s
епіцентр	-0.33	i
епопея	-0.22	i
еротичний	-1.0	i
ефемерний	-0.67	i
єдиний	-0.11	i
єресь	-1.0	i
єхидний	-1.67	a
жадати	-0.33	i
жадібний	-1.33	i
жадібність	-1.0	i
жалити	-0.67	a
жахати	-1.11	f
жахатися	-1.33	f
жахливий	-2.0	f
жахливо	-2.0	f
жебрак	-0.75	s
женевський	-0.22	i
жертва	-1.67	f
жертвувати	-0.67	i
жесть	-0.33	i
жид	-0.67	i
жидівський	-1.22	i
жінка	-0.33	i
жовчний	-0.6	i
жопа	-1.67	a
жорсткість	-0.2	i
жорстокий	-2.0	a
жорстокість	-1.5	a
жура	-1.33	s
з'єднання	-0.67	i
з'ясовувати	-0.33	i
заарештований	-1.0	i
забагато	-0.33	i
забивати	-1.0	a
заблудлий	-1.0	i
заблукати	-0.67	i
заборгованість	-0.67	i
заборонний	-1.33	i
забороняти	-1.0	i
заборонятися	-0.67	i
забруднення	-0.8	s
завалювати	-0.33	i
завербовувати	-0.67	i
завзятий	-1.33	i
завзятий	-0.67	i
завзято	-0.33	i
завивання	-0.78	i
завивати	-0.67	i
завідомий	-0.33	i
завод	-125.0	i
завоювання	-0.17	a
загадка	-0.17	i
загальноєвропейський	-0.33	i
загарбник	-1.33	a
загибель	-1.0	s
загинути	-2.0	s
загострення	-1.0	f
загострюватися	-0.83	f
загробний	-0.33	i
загрожувати	-1.67	f
загроза	-1.25	f
загубити	-1.0	i
задавлювати	-0.6	a
задача	-0.11	i
задушити	-1.0	a
зажертися	-1.6	i
заздрісний	-1.22	i
заздрість	-1.33	i
зайвий	-0.67	i
зайобувати	-2.0	a
закидати	-0.33	i
заклопотаність	-1.0	i
заколот	-0.33	i
закомплексований	-1.0	s
законодавець	-0.17	i
закоренілий	-0.22	i
закрадатися	-0.2	i
залежати	-0.5	i
залучення	-0.33	i
залякування	-1.33	f
заляпувати	-0.33	i
замах	-1.44	a
замикати	-0.67	i
замінний	-0.2	i
замкнутий	-1.0	i
замовчувати	-1.11	f
заможний	-0.33	i
заморожувати	-0.17	i
заморочуватися	-1.33	i
занадто	-0.33	i
занепад	-1.33	s
занепадницький	-1.33	i
занепокоєння	-1.33	i
занудний	-1.0	i
занудьгувати	-1.0	i
запалення	-0.89	i
запаморочливий	-0.67	i
запах	-0.11	i
запеклий	-1.33	i
заперечення	-0.5	i
заперечувати	-0.75	i
запідозрювати	-1.0	i
запізнення	-0.67	i
заплутувати	-1.0	i
запобігання	-0.2	i
заподіювати	-0.33	i
заподіяння	-0.33	i
запорошений	-0.33	i
запускати	-0.33	i
заражати	-0.67	i
заражатися	-1.0	i
зараження	-1.22	f
зараза	-1.6	a
заривати	-0.33	i
зарізати	-1.5	a
заробіток	-0.33	i
заробітчанин	-1.0	i
заробляти	-0.33	i
заручник	-1.33	f
засвічуватись	-1.0	i
засідка	-0.78	i
засмоктувати	-0.33	i
засмучувати	-1.0	s
засмучуватися	-1.25	s
застарівати	-1.0	i
застарілий	-1.33	i
застереження	-1.25	f
застійний	-1.0	i
застосовуватися	-0.11	i
застосування	-0.33	i
застрелюватися	-1.33	s
застрявати	-0.33	i
засуджувати	-0.67	i
затівати	-0.17	i
затоплення	-1.0	i
затоплювати	-0.67	i
затрачувати	-0.2	i
затримання	-0.22	i
затримувати	-0.33	i
затягувати	-0.33	i
затягуватися	-0.67	i
затяжний	-0.33	i
затятий	-0.33	i
зауваження	-0.67	i
захворювання	-1.0	i
заховати	-0.67	i
захоплений	-0.33	i
захоплення	-1.0	i
захоплювати	-1.33	a
зациклюватися	-1.0	i
зашкалювати	-0.67	i
зашкарублий	-1.0	i
збанкрутувати	-1.4	s
збитковий	-1.33	i
збиток	-1.25	i
збільшення	-0.33	i
збори	-0.33	i
збочення	-1.25	a
збочувати	-1.33	a
зброя	-0.83	a
збувати	-0.33	i
збудник	-0.78	i
звалювати	-1.25	i
звалюватися	-1.0	i
звинувачення	-0.75	i
звинувачувати	-1.25	i
звільнення	-1.0	i
звільняти	-0.67	i
звільнятися	-0.33	i
звіріти	-1.33	a
звірство	-2.0	a
звітувати	-0.67	i
зволікати	-0.67	i
згвалтування	-2.0	a
згвалтувати	-2.0	a
зграя	-1.33	i
згубний	-1.33	s
здирство	-1.33	i
здійснювати	-0.11	i
здогадуватися	-0.33	i
здорожчати	-0.67	i
здохнути	-2.0	a
здригатися	-0.33	i
зек	-0.67	a
зелений	-0.11	i
зіпсувати	-1.33	i
зіпсуватися	-1.0	i
зіткнення	-1.0	i
злазити	-0.33	i
зламатися	-0.67	i
зламувати	-1.0	i
зле	-1.0	i
зливати	-1.0	i
злидні	-1.33	s
злий	-1.33	a
злитися	-1.0	a
злісний	-2.0	a
злість	-1.5	a
зло	-1.33	f
злободенний	-0.33	i
зловживання	-1.67	i
зловмисний	-1.33	a
зловмисник	-2.0	a
злодіяння	-1.67	a
злом	-0.67	a
злопам'ятний	-1.22	a
злорадний	-1.33	a
злочин	-1.25	i
злочинний	-1.33	i
злощасний	-1.0	i
злоякісний	-1.11	i
злякатися	-0.83	f
змагатися	-0.33	i
зменшувальний	-0.11	i
зменшувати	-0.33	i
зменшуватися	-0.33	i
змінюватися	-0.22	i
змістовний	-0.25	i
змітати	-0.67	i
змішувати	-0.33	i
змова	-1.0	a
змовник	-1.0	i
змучений	-1.33	s
змушувати	-0.67	
зневажливий	-1.0	i
знехотя	-0.83	i
зниження	-0.33	i
знижуватися	-0.67	i
зникати	-0.5	i
знищення	-1.0	i
знищувати	-1.33	a
знищуватися	-0.67	i
зніяковілість	-1.0	i
знос	-0.67	i
знущальний	-1.22	i
знущатися	-2.0	a
зобов'язувати	-0.67	i
зомбі	-1.11	f
зомбувати	-1.22	i
зона	-0.33	i
зоряний	-0.33	i
зрада	-1.67	s
зраджувати	-0.67	s
зривати	-1.33	i
зсув	-1.0	i
зубожілий	-1.0	i
зупинка	-0.67	i
іграшковий	-0.33	i
ідіот	-1.33	a
ідіотизм	-1.67	a
ідіотський	-1.83	a
ізолювати	-0.33	i
ізоляція	-0.33	i
ілюзія	-1.0	i
імперіалістичний	-0.22	i
імпульсивний	-0.22	i
інвалід	-0.67	a
інвалідність	-1.33	s
інвестиція	-0.33	i
індиферентний	-0.67	i
іноземець	-0.22	i
інородець	-0.67	i
інстинктивний	-0.11	i
інсульт	-1.33	s
інтелігентський	-0.33	i
інтервенція	-0.67	i
інфантильний	-1.0	i
інфаркт	-1.11	s
інфекція	-1.67	s
інфернальний	-0.67	i
інцест	-1.0	i
інцидент	-1.11	i
іпотечний	-0.4	i
іракський	-0.56	i
іржавий	-1.0	i
іронічний	-0.33	i
іслам	-0.2	i
ісламіст	-0.67	i
ісламістський	-0.67	i
існування	-0.11	i
істеричний	-1.22	i
їдкий	-1.0	i
кавказець	-0.4	i
каліцтво	-1.0	s
калічити	-1.33	a
капіталіст	-1.0	i
карати	-1.0	i
каратися	-0.44	i
картинний	-0.33	i
касаційний	-0.11	i
катаклізм	-1.0	f
каталонський	-0.33	i
катастрофа	-1.0	f
катастрофічний	-1.67	f
катастрофічно	-1.67	f
категоричний	-0.67	i
каторжна	-1.67	i
катувати	-1.2	a
квартал	-0.25	i
кволий	-1.0	i
кепський	-1.33	s
керувати	-0.33	i
кийок	-0.25	i
кислий	-0.67	i
кілер	-1.22	a
кінчений	-1.67	a
кістлявий	-1.33	i
класовий	-0.33	i
клієнтський	-0.11	i
клоун	-0.33	i
клюнути	-0.33	i
колабораціоніст	-0.33	i
коливатися	-0.67	i
колись	-0.67	i
колонізація	-0.25	i
колумніст	-0.22	i
колупатися	-0.33	i
конкістадор	-0.33	i
консалтинговий	-0.33	i
консерватор	-0.22	i
контактувати	-0.2	i
контингент	-0.33	i
контрабанда	-1.22	i
конфіскація	-0.67	i
конфіскувати	-0.6	i
конфлікт	-1.33	a
конфліктний	-0.89	a
концентраційний	-0.33	i
концентрація	-0.33	i
концтабір	-1.33	f
копійка	-0.5	i
копійчаний	-0.67	i
корисливий	-1.0	i
корумпувати	-1.33	i
корупційний	-1.33	i
корупціонер	-1.0	i
корупція	-1.33	i
корявий	-1.0	i
кошмар	-1.33	f
кошмарний	-1.33	f
коштовний	-0.67	i
крадіжка	-1.4	i
країна	-0.11	i
крайній	-0.43	i
крайність	-0.33	i
крапельниця	-0.67	s
красти	-1.67	i
крах	-1.67	s
кредит	-0.67	i
кредитний	-0.33	i
кредитор	-0.33	i
кремувати	-0.33	i
кривавий	-1.5	f
кривдник	-0.89	s
криза	-1.0	i
кризовий	-1.0	i
крик	-0.75	f
крикливий	-1.0	i
кримінал	-1.0	i
криміналістичний	-0.89	i
кримінальний	-1.33	i
криміногенний	-1.11	i
критикувати	-0.67	i
критичний	-0.33	
крихітний	-0.67	i
крихкий	-1.0	i
кричущий	-1.33	i
кровожерливий	-2.0	f
кровопролитний	-1.33	f
кровопролиття	-1.67	f
кровотеча	-1.11	f
крутитися	-0.11	i
ксенофобія	-1.0	i
кулемет	-0.33	a
кульгати	-1.33	i
куля	-0.67	f
купка	-0.67	i
куратор	-0.4	i
куртуазний	-1.0	i
кухарка	-1.0	i
лавиноподібний	-0.33	i
лайливий	-1.0	a
ламати	-1.33	i
ламатися	-0.67	i
латентний	-0.44	i
лаятися	-0.89	a
легковажний	-1.0	i
легковірний	-1.11	i
ледар	-1.33	i
ледачий	-1.0	i
лезгінка	-0.44	i
летальний	-0.33	i
лженаука	-1.33	i
липовий	-1.67	i
листівка	-0.33	i
лихий	-0.25	a
лихо	-1.44	s
лихоманка	-0.89	i
лицемірний	-1.11	i
лицемірно	-1.33	i
ліберал	-0.33	i
лібералізація	-0.33	i
лівійський	-0.33	i
лікарня	-0.33	i
лікарняний	-0.33	i
ліквідація	-0.75	i
ліквідувати	-0.33	i
лопнути	-1.0	i
лохів	-0.67	i
лояльний	-0.33	i
лузер	-1.78	a
лукавий	-1.0	i
лукавити	-0.67	i
лунати	-0.25	i
людиноненависницький	-1.87	a
людожер	-1.33	f
людський	-0.11	i
лютий	-1.33	a
лють	-1.67	a
лякати	-0.75	f
ляп	-1.25 i
м'якотілих	-1.0 s
м`ясопродукт	-0.67 i
мажор	-1.4 a
мажорний	-1.0 a
маленький	-0.33 s
малесенький	-0.33 s
маловажний	-0.5 i
маловивчений	-0.67 i
малограмотний	-875.0 i
малодоступний	-0.67 i
малоефективний	-0.67 i
малозначний	-0.33 i
малоосвічений	-0.67 s
малоцікавий	-1.0 i
малуватий	-0.67 i
маніакальний	-0.67 a
маніпулювати	-0.8 a
маніпуляція	-0.67 f
манірний	-0.67 f
маніфестант	-0.33 i
маніфестація	-0.33 i
маразматичний	-1.4 f
маргінал	-1.0 i
маргінальний	-0.33 i
маріонетка	-1.33 f
марксистський	-0.2 s
мармуровий	-0.11 i
марний	-1.0 f
марність	-1.33 f
марнославство	-1.0 i
масовий	-0.5 f
матеріальний	-0.4 i
мафіозний	-1.0 a
мафія	-0.67 a
межа	-0.11 f
меморіальний	-0.11 f
менінгіт	-1.22 s
меншість	-0.67 s
мерзенний	-2.0 a
мерзота	-2.0 a
меркантильний	-1.0 a
мертвий	-1.67 f
мертвонароджений	-1.5 f
меценат	-0.33 i
мильний	-0.5 i
мимоволі	-0.67 i
миш'як	-0.625 f 
міграційний	-0.33 i
мізерний	-0.5 s
міліція	-0.33 i
мільйон	-0.11 i
мільярдний	-0.33 i
мінарет	-0.11 i
міномет	-0.5 f
мінометний	-0.2 f
мінус	-0.4 i
мірка	-0.33 i
міркування	-0.25 i
містечковий	-0.89 i
мітинг	-0.2 f
мітингувати	-0.33 f
міфічний	-0.67 i
мішанина	-1.33 f
млявий	-1.0 s
множинний	-0.67 i
мобілізація	-0.22 f
мова	-0.33 i
мовляв	-0.33 i
мовчазний	-0.44 f
могила	-0.78 f
могильний	-0.33 f
моджахед	-0.67 i
монархічний	-0.33 i
моніторинг	-0.11 i
монополія	-0.33 i
монстр	-1.0 f
мораторій	-0.33 i
моторошний	-1.25 f
мочити	-1.17 i
мракобісний	-2.0 a
мракобісся	-1.5 a
мстивий	-1.33 a
мститися	-1.0 a
мука	-1.0 a
мусульманський	-0.11 f
мутний	-0.67 f
мучити	-0.67 a
мюнхенський	-0.67 i
набирати	-0.67 i
набіг	-0.5 f 
набігати	-0.22 f
набридати	-1.0 s
нав'язливий	-1.0 s
нав'язування	-1.67 s
навала	-0.33 i
навертати	-0.5 i
навиворіт	-0.5 i
навішувати	-0.83 i
навмисний	-1.0 a
навтьоки	-1.0 i
нагадувати	-1.0 i
наганяти	-0.67 f
наглядач	-0.5 f
наговорювати	-1.0 s
награбувати	-1.67 i
надгробок	-0.67 f
надзвичайний	-1.33 i 
надлишковий	-1.33 i
надмірність	-1.0 i
надриватися	-1.33 s
надуманий	-1.0 f
надходження	-0.11 i
наживатися	-1.33 s
назбирати	-0.33 i
назва	-0.2 i
назрівати	-0.4 i
наївний	-1.0 s
наїзд	-0.89 a
найманий	-0.33 i
наказувати	-0.5 a
накидатися	-1.22 a
наклеп	-1.33 s
наклепницький	-1.0 s
накручувати	-1.25 f
налаштовувати	-0.33 i
належати	-0.11 i
наліт	-0.33 i
налякати	-1.0 f
намірюватися	-0.2
нанесення	-0.67 i
наодинці	-0.25 f
напад	-1.33 a
нападати	-1.33 a
нападки	-0.67 a
напівмертвий	-0.89 f
напівписьменний	-0.8 s
наплювати	-1.33 a
наповал	-1.33 a
наполегливий	-0.2 i
наполегливо	-0.33 i
наполеонівський	-0.5 i
направлятися	-0.2 i
напруга	-0.67 f
напружений	-0.33 f
напруженість	-0.25 f
напружувати	-1.0 i
напружуватися	-0.33 i
напрямок	-0.11 i
нарада	-0.25 i
наражати	-1.0 f
нарівні	-0.33 i
нарізати	-0.33 s
нарікання	-1.33 a
нарікати	-0.33 a
наркобізнес	-1.22 i
наркоманія	-1.0 s
наркоманський	-1.33 a
наркота	-1.67 a
наркотик	-1.0 i
наркотичний	-1.33 i
наростати	-0.33 i
насаджувати	-0.67 i
насильник	-1.0 a
насильницький	-1.33 a
насильно	-1.33 a
насильство	-0.67 a
насрати	-2.0 a
настирливий	-1.33 a
насторожувати	-1.0 f
наступ	-0.33 i
наступальний	-0.33 i
наступати	-0.11 a
натовп	-0.67 i
натяжка	-0.67 i
нафтогазовий	-0.44 i
нафтопродукт	-0.2 i
нахабно	-1.33 a
нахабство	-1.33 a 
нахуй	-2.0 a
нацистський	-0.67 a
націонал-соціаліст	-0.44 a
нашкодити	-1.2 a
нащадок	-0.5 i
неабиякий	-0.67 i
неадекватний	-1.33 a
неадекватність	-1.67 a
неактивний	-0.22 i
неактуальний	-0.67 i
неакуратний	-1.0 i
небажаний	-1.0 s
небажання	-0.67 s
небезпечний	-1.0 s
неблагонадійний	-1.0 s
неблагополуччя	-1.22 s
неблизький	-0.33 f
небуття	-0.33 f
неважкий	-0.33 i
неважливий	-0.78 s
невгамовний	-1.0 s
невгамовний	-1.22 s
невдалий	-1.67 s
невдача	-1.0 s
невдачливий	-1.33 s
невдоволення	-1.67 s
невдячний	-1.33 s
невеликий	-1.0 i
невивчений	-0.33 f
невигадливий	-0.33 i
невигідний	-1.0 s
невигідно	-1.33 s
невизнаний	-1.0
невизначений	-0.56 f
невизначеність	-0.44 f
невиїзд	-0.22 i
невиконаний	-0.67 s
невиконання	-1.0 s
невиліковний	-1.33 s
невинний	-0.33 s
невинно	-0.33 s
невиплачений	-0.83 s
невиправданий	-1.0 s
невиправний	-1.0 s
невиразний	-1.0 i
невиразно	-0.67 i
невирішений	-1.0 i
невисокий	-1.0 s
невігластво	-1.33 a
невідкладний	-0.33 i
невідомий	-0.33 f
невідповідний	-1.0 i
невідповідність	-0.75 i
невірний	-1.0 s
невластивий	-0.33 i
невловимий	-0.33 i
невміння	-1.0 i
невпевнений	-1.0 s
невпинний	-0.33 f
неврівноважений	-1.33 a
невротичний	-0.33 i
невтішний	-1.33 s
негативний	-1.0 a
негативно	-2.0 a
негідний	-1.0 a
негідник	-1.33 a
неглибокий	-0.56 i
негода	-1.0 s
негожий	-0.5 i
неготовий	-0.2 s
неграмотний	-0.67 i
негуманний	-0.8 i
недалекий	-0.4 a
недалекоглядний	-1.0 s
недбайливий	-1.14 i
недбалий	-1.0 i
недбалість	-1.67 i
недвозначний	-0.6 i
недемократичний	-0.33 i
недешевий	-1.0 s
недисциплінований	-0.67 s
недитячий	-0.75 f
недієздатний	-1.33 s
недобросовісний	-1.33 s
недовгий	-0.33 s
недовговічний	-1.0 s
недовіра	-1.0 s
недовірливий	-1.0 s
недоглянутий	-1.33 i
недозволений	-1.0 f
недоладний	-1.0 i
недоладність	-1.0 i
недолік	-1.0 i
недолугий	-1.0 a
недолугість	-1.0 a
недолюблювати	-1.67 a
недомовленість	-0.33 s
недоношений	-1.0 a
недопалок	-0.67 a
недоречний	-1.0 a
недорікуватий	-1.33 i
недоробка	-1.0 i
недорозвинений	-1.0 a
недосконалий	-0.67 i
недосконалість	-0.33 i
недостатній	-0.67 s
недостатність	-1.33 s
недостовірний	-1.33 s
недоумкуватість	-1.33 a
недоцільний	-0.33 i
недружелюбний	-1.67 a
недружній	-1.0 a
неетичний	-1.33 a
неефективний	-1.0 s
неефективність	-1.0 
неживий	-0.67 f
нежиттєздатний	-0.78 f
нез'ясований	-0.67 f
незабутній	-0.11 i
незавершений	-0.2 s
незагойний	-1.33 i
незадовільний	-1.0 s
незадоволений	-1.0 s
незадоволений	-0.83 s
незакінчений	-1.0 s
незаконний	-1.0 s
незаконнонароджений	-0.33 i
незаможний	-0.67 i
незапланований	-0.33 i
незаслужений	-1.0 s
незаслужено	-1.33 s
незатишний	-1.67 f
незатребуваний	-0.78 i
незацікавлений	-0.33 i
незбагненний	-0.33 f
незбалансований	-1.0 i
незбутній	-1.33 f
незвичний	-0.11 i
незгідний	-1.0 s
незговірливий	-0.33 s
незграбний	-0.25 a
нездатний	-0.75 i
нездатність	-1.33 i
нездійснений	-1.0 f
нездійсненний	-0.78 s
нездоланий	-1.67 a
нездоланний	-0.11 f
нездоровий	-1.33 s
незмивний	-1.0 i
незміцнілий	-0.67 i
незнання	-0.33 i
незнищенний	-0.33 i
незрозумілий	-1.33 i
незрозумілий	-0.67 f
незрозуміло	-1.0 f
незручний	-1.0 s
незручно	-1.33 s
неідеальний	-0.67 s
неінформативний	-1.0 i
неїстівний	-1.0 s
неймовірний	-0.33 i
некваліфікований	-1.0 s
некерований	-0.67 f
некомпетентний	-1.33 s
неконкурентоспроможний	-1.0 s
неконтрольований	-1.33 s
некоректний	-1.0 i
некритичний	-0.33 i
некрупний	-0.33 i
некультурний	-0.8 s
неласкавий	-1.33 a
нелегальний	-1.25 s
нелегітимний	-0.89 s
неліцензійний	-0.67 s
нелогічний	-1.0 s
нелогічність	-0.67 s
нелюбимий	-1.2 a
нелюбов	-1.11 a
нелюдський	-1.67 a
нелюдяний	-1.33 a
нематеріальний	-0.33 i
немилосердний	-1.0 a
неминучий	-1.33 f
неминучість	-1.0 f
немислимий	-0.67 f
немислимо	-1.33 f
неміцний	-0.67 s
немічний	-1.25 s
неможливий	-1.0 s
неможливість	-0.67 s
немолодий	-0.67 s
ненавидіти	-1.83 a
ненависний	-2.0 a
ненависть	-2.0 a
ненавчений	-1.33 s
ненадійний	-1.0 s
ненадовго	-0.33 s
ненажерливий	-1.33 a
неналежний	-0.89 s
ненароком	-0.67 i
ненаситний	-0.89 s
ненатуральний	-1.33 a
ненормальний	-0.67 a
ненормативний	-1.0 a
необ'єктивний	-1.0 a
необачний	-1.0 s
необгрунтований	-0.67 i
необдуманий	-1.0 s
необережний	-1.0 s
необов'язковий	-0.75 s
необов'язково	-0.33 s
неоднозначний	-1.0 s
неоднозначність	-0.33 s
неонацистський	-1.33 a
неопалюваний	-1.0 i
неоплачуваний	-0.67 i
неорганізований	-1.0 s
неоригінальний	-0.67 s
неосвічений	-1.0 i
неохайний	-1.67 s
неохоче	-0.67 s
непатріотичний	-1.0 a
неперевірений	-1.0 i
непередбачений	-0.56 f
непередбачуваний	-1.0 f
непередбачуваність	-0.33 f
непереконливий	-1.33 s
непідготовлений	-1.0 s
непідконтрольний	-0.67 f
неплатоспроможний	-0.5 s
неповага	-0.83 a
неповажний	-1.5 a
неповний	-0.5 s
неповнолітній	-0.33 i
неповноцінний	-1.25 a
неповноцінність	-1.0 a
непоказний	-1.67 i
непокірний	-0.67 a
непокора	-0.67 a
непомірний	-1.0 i
непомітний	-0.33 f
непоправний	-0.33 f
непопулярний	-0.67 s
непорозуміння	-0.67 s
непорушний	-0.67 f
непорядний	-1.33 a
непосидючий	-0.33 i
непосильний	-0.33 s
непослідовний	-1.25 i
непотрібний	-1.0 s
непояснюваний	-0.4 i
неправда	-1.0 a
неправдоподібний	-1.0 a
неправильний	-1.0 a
неправильно	-1.0 s
неправомірний	-0.75 i
непрактичний	-1.0 s
непрацездатний	-0.33 i
непрацюючий	-0.33 i
неприборканий	-0.25 i
неприбутковий	-0.67 i
непривабливий	-1.25 a
непривітний	-1.0 a
неприглядний	-0.67 i
непридатний	-1.2 s
неприємний	-1.33 s
неприємність	-1.0 s
неприйнятний	-1.0 s
неприйняття	-0.67 f
неприкметний	-0.67 i
неприкритий	-0.67 i
непримиренний	-0.67 a
непримітний	-0.67 i
неприпустимий	-1.0 s
неприпустимість	-0.33 s
неприродний	-0.56 f
непристойний	-1.0 s
непристосований	-1.0 i
неприязний	-1.0 a
непродуктивний	-1.33 i
непродуманий	-1.0 i
непролазний	-0.33 i
непропорційний	-0.33 i
непросвітлений	-1.17 s
непростимий	-1.0 a
непрофесійний	-0.67 i
непроханий	-1.67 a
непрошений	-0.67 a
непрямий	-0.33 i
нерадісний	-1.33 s
нервовий	-1.0 s
нервозний	-1.0 s
нервувати	-1.0 f
нереалізований	-0.67 i
нереалістичний	-1.33 s
нереальний	-0.33 s
нереальність	-1.33 f
нерегульований	-0.33 a
нерелігійна	-0.22 i
нерівний	-1.0 i
нерівність	-0.6 s
нерішучий	-1.0 s
нероба	-1.33 a
нерозв'язний	-1.0 s
нерозкритий	-0.33 s
нерозуміння	-1.0 s
нерозумний	-1.0 a
нерозумно	-1.33 a
нерухомий	-0.33 i
несамовитий	-1.33 a
несамостійний	-0.67 i
несанкціонований	-1.0 i
несвідомий	-0.75 i
несексуальний	-0.67 i
несерйозний	-0.67 i
несиметричний	-0.57 i
несимпатичний	-0.78 s
несистемний	-0.67 i
нескінченний	-0.11 f
нескромний	-0.67 s
неслухняний	-1.0 s
несмачний	-1.0 s
несплата	-0.57 s
несплачений	-1.0 s
несповідимий	-0.67 i
несподівано	-0.33 f
неспокійний	-0.86 f
несправедливо	-1.5 s
несправжній	-0.33 f
несправний	-1.0 s
несприятливий	-1.0 s
неспроможність	-1.33 s
нестабільний	-1.0 s
нестабільність	-0.78 s
нестерпний	-2.0 a
нестриманий	-1.0 s
нестримний	-0.25 a
несумісний	-1.0 s
несучасний	-1.0 i
несхвальний	-1.33 s
несчисленний	-0.5 s
нетверезий	-0.67 a
нетерпіння	-0.67 a
нетерплячий	-0.67 a
неточний	-1.0 s
неточність	-1.0 s
нетрадиційний	-0.22 i
нетривалий	-0.5 s
неув'язка	-1.0 i
неуважний	-1.0 i
неугодний	-1.33 a
неузгоджений	-0.44 i
неупереджений	-1.33 i
неурядовий	-0.33 i
неуспішний	-1.0 s
неухильний	-0.5 i
нехарактерний	-0.33 i
нехитрий	-0.33 i
нехороший	-1.0 a
нехтувати	-0.6 s
нецензурний	-1.0 s
нецивілізований	-1.6 s
нецікавий	-1.0 s
нечесний	-1.44 s
нечесно	-1.0 s
нечестивий	-1.33 s
нечистий	-1.0 i
нечисть	-1.0 f
нечутливий	-0.33 s
нещадний	-1.33 a
нещасливий	-2.0 s
нещастя	-1.67 s
нещирий	-1.0 i
неявний	-0.67 f
неякісний	-1.0 s
неясний	-0.5 s
неясно	-1.0 s
низинний	-0.33 i
низький	-0.83 i
низькооплачуваний	-0.78 s
низькопробний	-1.0 s
низькоякісний	-1.0 s
ниття	-1.0 a
ніде	-0.33 f
нікудишній	-2.0 a
нікчема	-1.67 a
нікчемний	-2.0 a
німецько-фашистський	-1.0 a
нісенітниця	-1.2 i
ніякий	-0.67 i
новобранець	-0.33 i
норовливий	-0.33 i
носіння	-0.33 i 
нудний	-1.0 s
нуднуватий	-1.0 s
нудота	-1.0 s
нудотний	-2.0 a
нудьга	-0.78 s
об'їдати	-1.33 a
обвал	-1.33 s
обвалення	-1.0 s
обвальний	-1.43 s
обвинувальний	-1.0 i
обговорення	-0.25 i
обгорілий	-1.67 s
обиватель	-0.33 i
обивательський	-1.0 i
обкладати	-1.0 i
обкрадати	-1.33 i
облізлий	-1.67 s
обманювати	-1.4 s
обмеженість	-1.0 f
обмежувати	-1.25 s
обмежувати	-0.4 s
обопільний	-0.25 i
ображати	-1.33 s
образа	-1.67 s
образливий	-1.67 s
обривати	-0.67 a
обрізання	-0.33 i
обрушувати	-1.0 i
обрушуватися	-1.2 a
обслуговувати	-0.33 i
обстріл	-0.67 f
обстрілювати	-0.83 s 
обсценний	-0.67 i
обтяжливий	-0.89 s
обтяжувати	-0.33 s
обурення	-1.33 a
обурливий	-1.67 a
обурювати	-0.5 a
обурюватися	-1.33 a
обшук	-1.0 i
овочебаза	-0.33 a
огидний	-2.0 a
огріх	-0.33 i
одіозний	-0.67 i
однобокий	-0.44 i
однозначний	-0.33 i
одноманітний	-0.67 s
одноосібний	-0.33 i
односторонній	-0.33 i
однотипний	-0.33 s
озаглавлювати	-0.25 i
озброєння	-0.67 a
озброюватися	-0.2 a
озвірілий	-2.0 a
окупант	-0.67 a
окупаційний	-1.0 a
окупувати	-1.0 a
олігархічний	-1.33 s
олігархія	-1.0 s
омана	-0.43 s
онкологічний	-1.44 s
онкологія	-1.33 s
операція	-0.11 s
опір	-0.33 i
оплакувати	-0.56 s
оплот	-0.44 i
опозиціонер	-0.25 i
ополчення	-0.22 i
оприлюднення	-0.22 i
опромінення	-0.33 s
осаджувати	-1.0 s
оскарження	-0.33 a
оскаржити	-0.33 a
оскаржувати	-0.67 a
осуд	-1.0 s
оточення	-0.33 i
отруєння	-1.33 s
отруйний	-1.0 s
отруювати	-0.83 a
офшор	-0.33 i
охолодження	-0.33 s
п'яний	-2.0 a
павутина	-0.22 f
падати	-0.67 f
падіння	-1.33 f
панахида	-1.67 s
паніка	-1.2 f
панічний	-1.0 f
панський	-0.22 i
панувати	-0.33 i
папір	-0.25 i
папірець	-0.33 i
папський	-0.44 i
паразитичний	-1.33 a
паралізувати	-1.0 f
параноїдальний	-1.22 f
паритися	-1.0 s
партизанський	-0.33 i
паршивий	-1.33 s
пасивний	-0.33 i
паскудний	-1.67 a
пастка	-1.0 i
патогенний	-1.0 i
патологічний	-0.67 s
патологія	-1.0 s
пафос	-0.67 i
пафосний	-1.0 i
пацієнтка	-0.11 i
паща	-0.67 f
педерастична	-1.33 a
педерастія	-1.8 a
педофіл	-2.0 a
педофілія	-1.33 a
пекучий	-0.33 s
пенсійний	-0.33 i
первісний	-0.33 i
перебільшення	-0.5 i
перебільшувати	-0.67 i
перевищення	-0.67 i
перевищувати	-0.14 i
перегороджувати	-1.0 i
перегравати	-0.17 i
передозування	-1.33 s
передсмертний	-0.67 s
переживання	-0.11 f
перейматися	-0.17 f
перекреслювати	-0.67 i
перекривати	-0.5 i
переливання	-0.11 s
перенасичувати	-1.0 f
переоцінювати	-0.33 i
переплачувати	-1.0 s
перерізують	-0.33 a
пересічний	-0.67 i
переслідувати	-1.0 f
пересмикувати	-0.78 a
перестрілка	-0.5 i
перетравлювати	-0.33 i
перехоплювач	-0.33 i
перешкода	-0.4 i
перешкоджати	-0.5 i
песимістичний	-1.33 s
печальний	-1.0 s
пиздець	-2.0 a
пилитися	-0.33 i
пильний	-0.33 i
писклявий	-1.33 a
пихатий	-1.29 a
пияцтво	-1.33 s
піар	-0.33 i
північнокорейський	-0.11 i
півстоліття	-0.25 i
під'їзд	-0.22 i
підарас	-2.0 a
підбивати	-1.0 i
підводити	-0.6 s
підгрунтя	-0.33 i
піддаватися	-0.67 s
піддослідний	-0.67 s
підірвати	-1.0 a
підкидати	-0.44 i
підкорятися	-0.17 i
підкуповувати	-1.33 i
підневільний	-0.67 i
підозра	-1.0 s
підозрілий	-1.2 i
підозрювати	-0.67 i
підпадати	-0.33 i
підпалювати	-0.67 i
підпорядковувати	-0.78 i
підпорядкування	-0.44 i
підривати	-1.0 s
підриватися	-1.0 s
підробіток	-0.11 i
підробка	-1.33 s
підроблений	-1.33 s
підробляти	-0.67 i
підручний	-0.22 i
підсаджувати	-0.83 s
підсаджуватися	-0.8 s
підставний	-1.67 i
підступи	-1.44 s
підступний	-1.0 f
підсудний	-0.67 i
підтвердження	-0.33 i
пік	-0.33 i
піковий	-0.33 i
пірат	-0.5 f
піратський	-1.0 i
піхва	-2.0 a
плагіат	-0.67 i
плаксивий	-1.4 a
плачевний	-1.0 s
плебейський	-1.22 i
плутаний	-0.67 i
плутанина	-1.0 s
плутатися	-0.75 f
плювати	-1.67 a
плюнути	-0.67 a
пневмонія	-1.0 s
по-американськи	-0.44 i
по-європейськи	-0.33 i
по-іншому	-0.33 i
по-китайськи	-0.11 i
по-російськи	-0.11 i
побиття	-1.33 s
побічний	-0.5 i
поблажливий	-1.0 i
побожний	-0.33 i
побої	-1.5 s
побоювання	-1.0 f
побоюватися	-1.0 f
повалення	-0.67 i
повальний	-1.0 i
поведінка	-0.33 i
поверхневий	-0.33 i
повільний	-0.67 s
повітряний	-0.11 i
повія	-1.89 a
повставати	-0.25
повстанець	-0.33
повстання	-0.67
повчальний	-0.33
поганий	-1.33
поганка	-1.33
погано	-1.33
погіршення	-1.0
погіршувати	-1.5
погіршуватися	-0.8
поглинати	-0.17
погоджуватися	-0.11
пограбування	-1.33
пограбувати	-1.0
погубити	-1.33
подешевшати	-0.33
подив	-0.5
поділ	-0.33
поділити	-0.33
подільник	-1.11
подія	-0.33
позаздрити	-0.67
позамежний	-1.67
позаплановий	-0.67
позбавлення	-0.67
позбавляти	-0.67
позбавлятися	-0.67
позичати	-0.33
позіхати	-0.2
позначатися	-0.33
покарання	-1.5
покійний	-0.89
покінчити	-0.5
покірливий	-0.33
покупка	-0.67
полемічний	-0.22
полінуватися	-0.67
полон	-1.33
полохливий	-0.67
полум'яний	-0.33
померти	-0.67
помилка	-1.0
помилковий	-1.0
помилковий	-1.0
помилятися	-1.0
поминальний	-0.8
помічати	-0.33
помовчувати	-1.0
помпезний	-1.0
понаїжджати	-1.11
понуро	-1.33
попадання	-0.33
попереджувальний	-0.33
попередній	-0.11
поплакати	-1.0
поповнення	-0.33
попсовий	-0.33
популізм	-0.44
поразка	-0.44
поранений	-0.5
порвати	-0.67
поржати	-1.0
порівняння	-0.2
порнографічний	-0.4
порнографія	-2.0
порочне	-1.33
порушення	-1.0
порушник	-1.0
порушувати	-1.0
посадити	-0.33
посередник	-0.75
посередній	-0.67
посередній	-0.25
посилення	-1.67
посилити	-1.0
посилювати	-1.33
посилювати	-0.75
посилювати	-0.33
посилюватися	-1.0
посібник	-1.0
поскаржитися	-1.0
посміховисько	-1.67
посперечатися	-0.33
постачати	-0.4
постійний	-0.22
постперебудовний	-0.33
постраждати	-0.89
постріл	-0.67
посягання	-0.78
потворний	-1.5
потворний	-1.67
потворний	-1.86
потерпіти	-0.44
потойбічний	-0.22
похабний	-2.0
похвалитися	-0.22
похмілля	-0.67
похмурий	-1.0
похмурий	-1.0
похмурий	-1.0
поховання	-0.25
поховати	-0.67
поховати	-1.11
пошкодження	-0.78
пошкодження	-1.0
пошкоджувати	-1.11
пошлий	-0.67
пошлість	-1.33
пошлятина	-1.33
правопорушення	-1.33
правосуддя	-0.67
прагматичний	-0.33
презирство	-1.33
препарат	-0.33
прескорботний	-1.33
претензійний	-0.67
пречудовий	-1.25
приватизувати	-0.67
привласнювати	-0.33
пригальмовувати	-0.67
пригнічення	-1.67
пригнічувати	-1.25
пригнічувати	-0.11
приєднуватися	-0.22
призупиняти	-0.33
приїдатися	-0.86
прийшлий	-0.75
прикордонний	-0.11
прикордонний	-0.25
прикривати	-0.33
прикрий	-1.67
прикриття	-0.11
прилітати	-0.67
применшувати	-0.78
примикати	-0.2
примітивний	-0.67
примітивність	-1.0
примус	-1.0
примусовий	-1.0
примушувати	-1.0
примха	-1.0
примхливий	-0.8
приниження	-1.0
принижувати	-1.67
принизливий	-2.0
припадок	-1.0
припинення	-0.33
припинятися	-0.33
прирозломний	-0.33
присікання	-0.57
пристрілювати	-1.25
присуджувати	-0.33
приховування	-0.67
причетність	-0.22
причіплювати	-0.5
пришелепкуватий	-1.0
пробивати	-0.33
проблема	-1.33
проблематичний	-1.0
проблемний	-1.0
провальний	-1.0
провалювати	-0.83
провина	-1.0
провокаційний	-1.56
провокація	-0.67
провокувати	-1.0
провчитися	-0.33
прогинатися	-1.0
проговорюватися	-0.33
прогодовувати	-0.25
проголошувати	-0.67
програвати	-0.8
програші	-0.78
продаватися	-0.2
продовжувати	-0.22
прозахідний	-0.33
прозорість	-0.33
проігнорувати	-0.67
проклинати	-1.75
промахуватися	-0.67
пронизливий	-0.33
проникати	-0.67
проникливий	-0.67
проникнення	-0.4
пропаганда	-0.33
пропагандист	-0.67
пропадати	-0.67
проробляти	-0.33
проскакувати	-0.25
прослушка	-0.25
просочуватися	-0.33
простенький	-0.33
простонародний	-0.11
просторікування	-1.0
простоювати	-0.33
прострочувати	-0.67
проступок	-0.67
протест	-0.67
протестант	-0.11
протестувати	-1.33
противага	-0.33
противник	-1.0
протидія	-0.17
протидіяти	-0.33
протизаконний	-1.33
протилежний	-0.33
протилежність	-0.33
протиприродний	-0.78
протиріччя	-0.67
протитанковий	-0.67
протичовновий	-0.33
протяг	-0.11
процитувати	-0.11
проявляти	-0.33
прямо-таки	-0.33
псевдо	-0.67
псевдонауковий	-1.22
псих	-0.67
психіатричний	-0.78
психіка	-375.0
психоделічний	-0.33
психотропний	-1.0
псуватися	-1.33
пузатий	-0.67
пустушка	-1.0
путній	-0.25
пухкий	-0.25
пухлина	-1.11
рабовласник	-1.33
рабський	-1.33
раджаб	-0.11
радикал	-0.67
радикальний	-0.33
радіаційний	-0.67
раптовий	-0.67
раптовий	-0.33
расистський	-1.33
рваний	-1.33
рвати	-0.67
реакційний	-0.33
реаліті-шоу	-1.0
ревізія	-0.11
ревний	-0.67
революційний	-0.33
революціонер	-1.0
регресивний	-0.33
рейдерське	-1.0
рекламний	-0.33
релігійний	-0.11
репресивний	-1.0
репресія	-1.0
репресований	-1.0
репресувати	-1.33
республіка	-0.11
решітка	-0.25
ридати	-1.0
ризик	-0.25
ризикований	-1.0
ризикувати	-1.0
рихлий	-0.67
рідкісний	-0.67
різкий	-0.2
різкість	-0.33
родючий	-0.67
розбещувати	-1.67
розбивати	-0.5
розбиватися	-0.5
розбирання	-0.89
розбіжність	-0.5
розбійник	-0.67
розбійницький	-1.0
розв'язний	-1.33
розв'язування	-0.6
розв'язувати	-0.67
розважливий	-0.33
розвалювати	-1.33
розвалюватися	-1.17
розвінчання	-0.67
розвінчувати	-0.2
розводити	-0.67
розгляд	-0.67
розголошуватися	-0.33
розгоратися	-0.83
розгром	-1.0
розгромити	-1.0
роздавати	-0.2
роздавлювати	-0.67
роздратування	-1.11
роздратувати	-2.0
роздувати	-1.33
розкіш	-0.67
розклад	-0.33
розкладання	-1.33
розкладатися	-0.4
розкрадання	-1.33
розкрадати	-1.67
розкривати	-0.2
розкривати	-0.5
розкритиковувати	-1.67
розкуркулення	-0.33
розлад	-0.67
розлогий	-0.33
розлучатися	-0.11
розмножуватися	-0.17
розпадатися	-0.44
розпалювання	-1.25
розпалювати	-0.67
розплакатися	-1.0
розплачуватися	-0.57
розпливчастий	-0.67
розпоряджатися	-0.11
розправлятися	-0.8
розпродавати	-0.33
розпуста	-1.0
розраховуватися	-0.2
розрізнений	-0.75
розруха	-1.67
розстріл	-1.0
розстрілювати	-1.67
розтин	-0.25
розтління	-1.0
розформовувати	-0.33
розцінювати	-0.33
розчаровуватися	-1.2
розчарування	-1.33
розчленовувати	-1.67
розшук	-0.4
розшукувати	-0.33
рублевський	-0.67
руїна	-1.0
руйнівний	-1.17
руйнівний	-1.25
руйнування	-1.0
руйнувати	-1.67
руйнуватися	-1.33
рулити	-0.2
русифікація	-0.33
русофобія	-0.33
русофобський	-0.67
рутинний	-1.0
рухнути	-1.0
садити	-1.0
самовільний	-0.67
самовпевнений	-1.0
самогубець	-0.67
самогубний	-1.67
самогубство	-2.0
самозакоханий	-1.33
самозакоханий	-1.0
самозваний	-1.0
самомилування	-1.0
саморобний	-0.2
самотній	-0.67
саркастичний	-0.67
сатана	-1.0
сатанинський	-1.67
сатиричний	-0.67
саудівський	-0.33
свавілля	-1.33
сваритися	-1.11
сварка	-1.0
свастика	-0.67
свиня	-1.0
світський	-0.11
святенництво	-1.33
секта	-0.4
сентиментальний	-1.0
серіальний	-0.57
сигналізація	-0.33
сидіти	-0.2
сильний	-0.33
син	-0.67
синдром	-0.33
синтетичний	-0.44
сирітство	-1.0
систематичний	-0.33
сифіліс	-1.11
сіоніст	-0.25
сіоністський	-0.33
сірий	-0.14
сірість	-0.67
скаженіти	-1.0
сказ	-1.0
скандал	-1.0
скандальний	-1.0
скандинав	-0.11
скандувати	-0.33
скаржитися	-0.67
скасування	-0.33
скачувати	-0.56
скелет	-0.5
скептик	-0.6
скептичний	-0.75
скептично	-0.67
скидання	-0.67
скидатися	-0.67
скінхед	-0.67
складність	-0.33
скнара	-1.0
скороспішний	-1.0
скорочення	-0.33
скорочувати	-1.0
скорочуватися	-0.67
скотина	-0.67
скотитися	-1.2
скраплювати	-0.33
скрутний	-0.6
скудний	-0.67
скупчення	-0.33
слабенький	-1.0
слабкий	-0.83
слабкість	-1.0
слаборозвинений	-1.0
слабуватий	-1.0
слабшати	-0.89
славнозвісний	-0.5
слідчий	-0.33
сліпий	-0.67
сльозливий	-0.67
сльозогінний	-0.5
смердіти	-1.33
смердючий	-2.0
смертельний	-1.75
смертник	-1.89
смертниця	-1.67
смертність	-1.33
смертоносний	-1.56
смерть	-0.67
сміття	-1.0
сміхотворний	-0.67
сміятися	-0.33
смутний	-0.89
снайпер	-0.67
снайперський	-0.56
снаряд	-1.0
совковий	-0.67
содом	-1.67
содомія	-0.67
содомський	-0.33
сокирний	-1.0
сором'язливий	-0.67
сором'язливий	-0.33
соромитися	-0.33
соромно	-1.67
сортирний	-1.0
соціал-демократ	-0.33
соціологія	-0.33
сп'яніння	-0.33
спад	-1.11
спадати	-1.0
спадати	-0.25
спалахливий	-1.33
спекотний	-0.33
спекулянт	-1.0
спекуляція	-0.67
специфічний	-0.33
спиватися	-1.44
спиздити	-2.0
списання	-0.33
співкамерник	-0.67
співчуття	-1.0
співчуття	-0.33
сплеск	-0.25
спливати	-0.4
сповільнюватися	-0.33
споживати	-0.67
спокушати	-0.33
спостереження	-0.11
спотворення	-0.33
спочатку	-0.2
спочивати	-0.33
справи	-0.33
спричинити	-0.33
спроба	-0.25
спровокувати	-1.0
спростовувати	-0.33
ссати	-1.75
сталініст	-0.25
стан	-0.33
старечий	-0.67
старомодний	-0.33
стереотип	-0.33
стереотипний	-1.0
стовбур	-0.33
стогнати	-1.0
сторонній	-0.67
сторонній	-0.17
страждання	-1375.0
страйк	-1.33
стратити	-1.33
страшненький	-1.33
стресовий	-1.0
стримування	-0.75
стріляти	-1.0
строгість	-1.0
струс	-0.78
стурбованість	-0.67
стурбувати	-0.67
стягнення	-0.33
стягувати	-0.5
суб'єктивний	-0.33
суджений	-1.0
судимість	-0.33
судитися	-1.0
судовий	-0.33
судомний	-1.0
суїцид	-1.33
сумбурний	-1.0
сумний	-1.33
сумнів	-0.33
сумніватися	-0.33
сумнівний	-0.78
сумно	-1.67
сумувати	-1.0
сунітський	-0.44
суперечливий	-0.33
суперник	-0.33
суперництво	-0.67
супроводжуватися	-0.2
супротивитися	-0.67
сутенер	-1.67
сутичка	-0.67
сутність	-0.33
сучий	-2.0
сфальсифікувати	-1.33
схилятися	-125.0
сюрреалістичний	-0.67
табір	-0.2
таємниця	-0.22
тайванський	-0.11
тамтешній	-0.33
танковий	-0.22
тварюка	-1.67
твердий	-0.67
телеекран	-0.22
телезірка	-0.33
темрява	-0.33
тепловий	-0.11
терапія	-0.67
терзати	-1.33
терміновий	-0.25
тернистий	-0.67
тероризувати	-1.33
терорист	-1.75
терористичний	-1.0
терористка	-2.0
терпіти	-0.67
тиран	-0.75
тиранічний	-1.67
тиранія	-2.0
тиск	-0.75
тисяча	-0.33
тіньовий	-0.67
тлінний	-0.67
тлінний	-1.0
токсичний	-1.33
толерантність	-0.33
тоненький	-0.33
тонна	-0.33
тоскний	-1.33
тоталітарний	-1.0
травма	-0.67
травматичний	-0.6
травматичний	-1.0
травмувати	-1.22
трагедія	-1.67
трагічний	-1.5
трагічний	-1.33
транспортування	-0.11
траурний	-1.33
трахати	-1.78
трахатись	-1.78
трахнути	-1.67
третьосортний	-1.67
тривалий	-0.17
тривати	-0.33
тривога	-1.0
тривожний	-1.0
триразовий	-0.11
трійка	-0.67
тропічний	-0.11
тротиловий	-0.33
троцькіст	-1.33
трудність	-0.33
трудомісткий	-0.2
труїти	-1.67
трухлявий	-1.2
трястися	-1.0
туберкульоз	-0.75
туга	-1.33
тугий	-1.0
тужливий	-1.33
тупик	-1.44
тупиковий	-1.0
тупити	-1.67
тупуватий	-1.33
турбуватися	-0.25
турецький	-0.11
тушка	-1.0
тхнути	-0.67
тьмяний	-0.33
тюремний	-1.0
тютюнопаління	-0.33
тяганина	-1.0
тяжба	-0.8
тяжкий	-1.67
тяжкий	-1375.0
тяжкохворий	-1.0
убійний	-0.67
ублюдок	-1.89
ублюдочний	-2.0
убозтво	-1.67
угода	-0.2
угодний	-1.0
угруповання	-1.0
удар	-0.33
ударний	-0.56
уїдливий	-1.33
уйгурський	-0.22
указ	-0.33
улесливий	-0.67
ультиматум	-0.33
ульяновський	-0.33
умисел	-0.8
умисний	-1.0
умовно-достроковий	-0.33
уникати	-0.33
управа	-375.0
упускати	-0.89
упускати	-0.67
уразливий	-1.0
урок	-0.33
ускладнення	-1.4
ускладнювати	-1.0
ускладнювати	-0.67
ускладнюватися	-0.67
усувати	-0.67
утворюватися	-0.25
утішний	-0.22
утопічний	-0.56
утруднення	-1.11
ухилятися	-0.67
учасник	-0.22
училка	-1.0
ущербний	-1.67
уявляти	-0.4
фальсифікація	-1.33
фальсифікувати	-1.0
фальшивий	-0.67
фамільярний	-0.67
фанат	-0.33
фанатизм	-0.75
фанатик	-1.25
фантастичний	-0.33
фантомний	-0.33
фатальний	-1.0
фашист	-1.33
фашистський	-0.67
феєричний	-1.33
феміністський	-0.33
фігня	-1.5
фіговий	-1.33
фігура	-0.17
фіктивний	-1.0
фінанси	-0.11
фішка	-0.17
формальний	-0.67
формування	-0.22
фронт	-0.22
фу	-1.0
ха-ха	-0.33
хабар	-1.33
хабарник	-1.5
хакерський	-0.75
халтура	-0.33
хамський	-1.33
хамуватий	-1.67
хаотичний	-0.6
хапатися	-0.25
хвалений	-0.67
хвалитися	-1.0
хвилювання	-0.67
хвилювати	-0.33
хворіти	-1.0
хвороба	-0.75
хворобливий	-1.0
хер	-1.67
хижак	-1.0
химерний	-0.67
химерний	-1.0
хирлявий	-1.0
хирлявий	-1.0
хисткий	-1.0
хитатися	-0.6
хитрість	-0.75
хіміотерапія	-0.33
хімічний	-0.44
ховати	-1.67
ховатися	-0.2
холод	-0.67
хохол	-1.33
хрипота	-0.56
хрустіти	-0.67
хтивий	-1.33
худий	-1.17
хуй	-1.33
хуйня	-1.0
хуліган	-1.33
хуліганський	-1.67
цвинтар	-1.22
цвілий	-1.0
церква	-0.33
цивільний	-0.33
цинізм	-1.33
цинічний	-0.67
цікавити	-0.33
чадний	-1.33
чарівник	-0.33
чекіст	-1.0
черга	-0.22
чеченець	-0.67
чеченський	-0.44
чиновницький	-0.67
чіплятися	-1.0
чіплятися	-0.2
чогось	-0.44
чорнити	-1.67
чорт	-1.33
чудний	-0.33
чужоземний	-0.33
чужорідний	-0.56
чутливий	-0.33
шаблонний	-0.6
шайка	-1.0
шалений	-1.0
шаленість	-1.0
шаріат	-0.22
шаріатський	-125.0
шахід	-2.0
шахраї	-1.33
шахрай	-0.33
шахрайство	-1.33
шахраюватий	-1.5
шизофренічний	-1.33
шизофренія	-0.33
шиїтський	-0.11
ширвжиток	-1.67
широченний	-0.4
шкідливий	-1.33
шкідливий	-1.4
шкідницький	-1.33
шкодоносний	-1.8
шовінізм	-1.33
шок	-1.0
шокувати	-1.2
шорсткий	-0.33
шпаргалка	-0.22
шпигун	-0.17
шпигунство	-1.67
шпигунський	-0.33
шприц	-0.56
штаб-квартира	-125.0
штормовий	-0.67
штрафний	-0.33
штрафувати	-1.0
штурмувати	-1.0
штучний	-0.33
щурячий	-2.0
юстиція	-0.25
ядерний	-0.33
ядрений	-0.33
якість	-0.2
